{"cameraMode":{"drawMode":0,"name":"Shaded","section":"Shading Mode"},"sceneLighting":false,"audioPlay":false,"sceneViewState":{"showFog":true,"showMaterialUpdate":false,"showSkybox":true,"showFlares":true,"showImageEffects":true,"showParticleSystems":true},"in2DMode":false,"pivot":{"x":-0.009284041821956635,"y":0.9725683331489563,"z":-0.0405791699886322},"rotation":{"x":0.1658041626214981,"y":-0.7403060793876648,"z":0.19773153960704804,"w":0.6207721829414368},"size":3.248073101043701,"orthographic":false}