{"cameraMode":{"drawMode":0,"name":"Shaded","section":"Shading Mode"},"sceneLighting":true,"audioPlay":false,"sceneViewState":{"showFog":true,"showMaterialUpdate":false,"showSkybox":true,"showFlares":true,"showImageEffects":true,"showParticleSystems":true},"in2DMode":false,"pivot":{"x":-1.1423420906066895,"y":0.15352928638458253,"z":-0.13020718097686768},"rotation":{"x":0.14120346307754517,"y":-0.788090705871582,"z":0.1966233253479004,"w":0.5659628510475159},"size":0.7656585574150086,"orthographic":false}